<?xml version="1.0" encoding="utf-8" ?>
<dwsync>
<file name="jquery.bxslider.js" server="www.meecreative.com" local="130770971400000000" remote="130770971400000000" />
<file name="jquery.finaltilesgallery.js" server="www.meecreative.com" local="130770971400000000" remote="130770971400000000" />
<file name="jquery.finaltilesgallery__.js" server="www.meecreative.com" local="130770971400000000" remote="130770971400000000" />
<file name="jquery.fitvids.js" server="www.meecreative.com" local="130770971400000000" remote="130770971400000000" />
<file name="jquery.infinitescroll.js" server="www.meecreative.com" local="130770971400000000" remote="130770971400000000" />
<file name="jquery.sidr.min.js" server="www.meecreative.com" local="130770971400000000" remote="130770971400000000" />
<file name="jquery.slicknav.js" server="www.meecreative.com" local="130770971400000000" remote="130770971400000000" />
<file name="modernizr-custom-v2.7.1.min.js" server="www.meecreative.com" local="130770971400000000" remote="130770971400000000" />
<file name="retina-1.1.0.min.js" server="www.meecreative.com" local="130770971400000000" remote="130770971400000000" />
<file name="scripts.js" server="www.meecreative.com" local="130794175800000000" remote="130794175800000000" />
<file name="slippry.js" server="www.meecreative.com" local="130770971400000000" remote="130770971400000000" />
<file name="jquery.bxslider.js" server="dessign.net/httpdocs/" local="130770971400000000" remote="130795665600000000" />
<file name="jquery.finaltilesgallery.js" server="dessign.net/httpdocs/" local="130770971400000000" remote="130795665600000000" />
<file name="jquery.finaltilesgallery__.js" server="dessign.net/httpdocs/" local="130770971400000000" remote="130795665600000000" />
<file name="jquery.fitvids.js" server="dessign.net/httpdocs/" local="130770971400000000" remote="130795665600000000" />
<file name="jquery.infinitescroll.js" server="dessign.net/httpdocs/" local="130770971400000000" remote="130795665600000000" />
<file name="jquery.sidr.min.js" server="dessign.net/httpdocs/" local="130770971400000000" remote="130795665600000000" />
<file name="jquery.slicknav.js" server="dessign.net/httpdocs/" local="130770971400000000" remote="130795665600000000" />
<file name="modernizr-custom-v2.7.1.min.js" server="dessign.net/httpdocs/" local="130770971400000000" remote="130795665600000000" />
<file name="retina-1.1.0.min.js" server="dessign.net/httpdocs/" local="130770971400000000" remote="130795665600000000" />
<file name="scripts.js" server="dessign.net/httpdocs/" local="130794175800000000" remote="130795665600000000" />
<file name="slippry.js" server="dessign.net/httpdocs/" local="130770971400000000" remote="130795665600000000" />
</dwsync>