<?xml version="1.0" encoding="utf-8" ?>
<dwsync>
<file name="ftg.css" server="www.meecreative.com" local="130770970800000000" remote="130770970800000000" />
<file name="hero-slider.css" server="www.meecreative.com" local="130770970800000000" remote="130770970800000000" />
<file name="jquery.bxslider.css" server="www.meecreative.com" local="130770970800000000" remote="130770970800000000" />
<file name="jquery.sidr.light.css" server="www.meecreative.com" local="130770970800000000" remote="130770970800000000" />
<file name="main.css" server="www.meecreative.com" local="130770970800000000" remote="130770970800000000" />
<file name="mobile.css" server="www.meecreative.com" local="130794194400000000" remote="130794194400000000" />
<file name="slicknav.css" server="www.meecreative.com" local="130770970800000000" remote="130770970800000000" />
<file name="slippry.css" server="www.meecreative.com" local="130770971400000000" remote="130770971400000000" />
<file name="sy-loader.gif" server="www.meecreative.com" local="130770971400000000" remote="130770971400000000" />
<file name="ftg.css" server="dessign.net/httpdocs/" local="130770970800000000" remote="130795665600000000" />
<file name="hero-slider.css" server="dessign.net/httpdocs/" local="130770970800000000" remote="130795665600000000" />
<file name="jquery.bxslider.css" server="dessign.net/httpdocs/" local="130796233550549631" remote="130796233200000000" />
<file name="jquery.sidr.light.css" server="dessign.net/httpdocs/" local="130770970800000000" remote="130795665600000000" />
<file name="main.css" server="dessign.net/httpdocs/" local="130770970800000000" remote="130795665600000000" />
<file name="mobile.css" server="dessign.net/httpdocs/" local="130797420117837925" remote="130797420000000000" />
<file name="slicknav.css" server="dessign.net/httpdocs/" local="130770970800000000" remote="130795665600000000" />
<file name="slippry.css" server="dessign.net/httpdocs/" local="130770971400000000" remote="130795665600000000" />
<file name="sy-loader.gif" server="dessign.net/httpdocs/" local="130770971400000000" remote="130795665600000000" />
</dwsync>