<?xml version="1.0" encoding="utf-8" ?>
<dwsync>
<file name="AjaxLoader.gif" server="www.meecreative.com" local="130770971400000000" remote="130770971400000000" />
<file name="black-line.jpg" server="www.meecreative.com" local="130770971400000000" remote="130770971400000000" />
<file name="black-trans.png" server="www.meecreative.com" local="130770971400000000" remote="130770971400000000" />
<file name="close-btn.png" server="www.meecreative.com" local="130770971400000000" remote="130770971400000000" />
<file name="facebook-icon.png" server="www.meecreative.com" local="130770971400000000" remote="130770971400000000" />
<file name="facebook-icon@2x.png" server="www.meecreative.com" local="130770971400000000" remote="130770971400000000" />
<file name="flickr-icon.png" server="www.meecreative.com" local="130770971400000000" remote="130770971400000000" />
<file name="flickr-icon@2x.png" server="www.meecreative.com" local="130770971400000000" remote="130770971400000000" />
<file name="google-plus-icon.png" server="www.meecreative.com" local="130770971400000000" remote="130770971400000000" />
<file name="google-plus-icon@2x.png" server="www.meecreative.com" local="130770971400000000" remote="130770971400000000" />
<file name="grabbing.png" server="www.meecreative.com" local="130770971400000000" remote="130770971400000000" />
<file name="gray-line.jpg" server="www.meecreative.com" local="130770971400000000" remote="130770971400000000" />
<file name="header-search-icon.png" server="www.meecreative.com" local="130770971400000000" remote="130770971400000000" />
<file name="line.png" server="www.meecreative.com" local="130770971400000000" remote="130770971400000000" />
<file name="loading-button.png" server="www.meecreative.com" local="130770971400000000" remote="130770971400000000" />
<file name="logo.png" server="www.meecreative.com" local="130770971400000000" remote="130770971400000000" />
<file name="logo@2x.png" server="www.meecreative.com" local="130770971400000000" remote="130770971400000000" />
<file name="menu-btn.png" server="www.meecreative.com" local="130770971400000000" remote="130770971400000000" />
<file name="new-next.png" server="www.meecreative.com" local="130770971400000000" remote="130770971400000000" />
<file name="new-prev.png" server="www.meecreative.com" local="130770971400000000" remote="130770971400000000" />
<file name="next.png" server="www.meecreative.com" local="130770971400000000" remote="130770971400000000" />
<file name="picasa-icon.png" server="www.meecreative.com" local="130770971400000000" remote="130770971400000000" />
<file name="picasa-icon@2x.png" server="www.meecreative.com" local="130770971400000000" remote="130770971400000000" />
<file name="pinterest-icon.png" server="www.meecreative.com" local="130770971400000000" remote="130770971400000000" />
<file name="pinterest-icon@2x.png" server="www.meecreative.com" local="130770971400000000" remote="130770971400000000" />
<file name="post_next.png" server="www.meecreative.com" local="130770971400000000" remote="130770971400000000" />
<file name="post_prev.png" server="www.meecreative.com" local="130770971400000000" remote="130770971400000000" />
<file name="prev.png" server="www.meecreative.com" local="130770971400000000" remote="130770971400000000" />
<file name="search-icon.jpg" server="www.meecreative.com" local="130770971400000000" remote="130770971400000000" />
<file name="search-icon2.jpg" server="www.meecreative.com" local="130770971400000000" remote="130770971400000000" />
<file name="slider_next.png" server="www.meecreative.com" local="130770971400000000" remote="130770971400000000" />
<file name="slider_previous.png" server="www.meecreative.com" local="130770971400000000" remote="130770971400000000" />
<file name="trans-back.png" server="www.meecreative.com" local="130770971400000000" remote="130770971400000000" />
<file name="trans-back2.png" server="www.meecreative.com" local="130770971400000000" remote="130770971400000000" />
<file name="twitter-icon.png" server="www.meecreative.com" local="130770971400000000" remote="130770971400000000" />
<file name="twitter-icon@2x.png" server="www.meecreative.com" local="130770971400000000" remote="130770971400000000" />
<file name="vimeo-icon.png" server="www.meecreative.com" local="130770971400000000" remote="130770971400000000" />
<file name="vimeo-icon@2x.png" server="www.meecreative.com" local="130770971400000000" remote="130770971400000000" />
<file name="youtube-icon.png" server="www.meecreative.com" local="130770971400000000" remote="130770971400000000" />
<file name="youtube-icon@2x.png" server="www.meecreative.com" local="130770971400000000" remote="130770971400000000" />
<file name="AjaxLoader.gif" server="dessign.net/httpdocs/" local="130770971400000000" remote="130795724400000000" />
<file name="black-line.jpg" server="dessign.net/httpdocs/" local="130770971400000000" remote="130795724400000000" />
<file name="black-trans.png" server="dessign.net/httpdocs/" local="130770971400000000" remote="130795724400000000" />
<file name="close-btn.png" server="dessign.net/httpdocs/" local="130770971400000000" remote="130795724400000000" />
<file name="facebook-icon.png" server="dessign.net/httpdocs/" local="130770971400000000" remote="130795724400000000" />
<file name="facebook-icon@2x.png" server="dessign.net/httpdocs/" local="130770971400000000" remote="130795724400000000" />
<file name="flickr-icon.png" server="dessign.net/httpdocs/" local="130770971400000000" remote="130795724400000000" />
<file name="flickr-icon@2x.png" server="dessign.net/httpdocs/" local="130770971400000000" remote="130795724400000000" />
<file name="google-plus-icon.png" server="dessign.net/httpdocs/" local="130770971400000000" remote="130795724400000000" />
<file name="google-plus-icon@2x.png" server="dessign.net/httpdocs/" local="130770971400000000" remote="130795724400000000" />
<file name="grabbing.png" server="dessign.net/httpdocs/" local="130770971400000000" remote="130795724400000000" />
<file name="gray-line.jpg" server="dessign.net/httpdocs/" local="130770971400000000" remote="130795724400000000" />
<file name="header-search-icon.png" server="dessign.net/httpdocs/" local="130770971400000000" remote="130795724400000000" />
<file name="line.png" server="dessign.net/httpdocs/" local="130770971400000000" remote="130795724400000000" />
<file name="loading-button.png" server="dessign.net/httpdocs/" local="130770971400000000" remote="130795724400000000" />
<file name="logo.png" server="dessign.net/httpdocs/" local="130795654571523459" remote="130795724400000000" />
<file name="logo@2x.png" server="dessign.net/httpdocs/" local="130795655294484810" remote="130795724400000000" />
<file name="menu-btn.png" server="dessign.net/httpdocs/" local="130795656580648374" remote="130795724400000000" />
<file name="new-next.png" server="dessign.net/httpdocs/" local="130770971400000000" remote="130795724400000000" />
<file name="new-prev.png" server="dessign.net/httpdocs/" local="130770971400000000" remote="130795724400000000" />
<file name="next.png" server="dessign.net/httpdocs/" local="130795724392757005" remote="130795724400000000" />
<file name="picasa-icon.png" server="dessign.net/httpdocs/" local="130770971400000000" remote="130795724400000000" />
<file name="picasa-icon@2x.png" server="dessign.net/httpdocs/" local="130770971400000000" remote="130795724400000000" />
<file name="pinterest-icon.png" server="dessign.net/httpdocs/" local="130770971400000000" remote="130795724400000000" />
<file name="pinterest-icon@2x.png" server="dessign.net/httpdocs/" local="130770971400000000" remote="130795724400000000" />
<file name="post_next.png" server="dessign.net/httpdocs/" local="130770971400000000" remote="130795724400000000" />
<file name="post_prev.png" server="dessign.net/httpdocs/" local="130770971400000000" remote="130795724400000000" />
<file name="prev.png" server="dessign.net/httpdocs/" local="130795724192695562" remote="130795724400000000" />
<file name="search-icon.jpg" server="dessign.net/httpdocs/" local="130770971400000000" remote="130795724400000000" />
<file name="search-icon2.jpg" server="dessign.net/httpdocs/" local="130770971400000000" remote="130795724400000000" />
<file name="slider_next.png" server="dessign.net/httpdocs/" local="130770971400000000" remote="130795724400000000" />
<file name="slider_previous.png" server="dessign.net/httpdocs/" local="130770971400000000" remote="130795724400000000" />
<file name="trans-back.png" server="dessign.net/httpdocs/" local="130770971400000000" remote="130795724400000000" />
<file name="trans-back2.png" server="dessign.net/httpdocs/" local="130770971400000000" remote="130795724400000000" />
<file name="twitter-icon.png" server="dessign.net/httpdocs/" local="130770971400000000" remote="130795724400000000" />
<file name="twitter-icon@2x.png" server="dessign.net/httpdocs/" local="130770971400000000" remote="130795724400000000" />
<file name="vimeo-icon.png" server="dessign.net/httpdocs/" local="130770971400000000" remote="130795724400000000" />
<file name="vimeo-icon@2x.png" server="dessign.net/httpdocs/" local="130770971400000000" remote="130795724400000000" />
<file name="youtube-icon.png" server="dessign.net/httpdocs/" local="130770971400000000" remote="130795724400000000" />
<file name="youtube-icon@2x.png" server="dessign.net/httpdocs/" local="130770971400000000" remote="130795724400000000" />
</dwsync>